name,description
Equinox Hotel New York,"The Equinox Fitness Club at the Equinox Hotel New York at Hudson Yards has multiple floors of group fitness studios and a strength training floor.Open to guests of the hotel, hours are 6 am - 9 pm Monday through Thursday, 6 am to 8 pm on Fridays, and 7 am to 8 pm on weekends.Gym equipment includes treadmills, ellipticals, stationary bikes, rowers, weight machines, cable machines, squat racks, barbells, dumbbells, and kettlebells.At Equinox Hotel, you’ll have access to a cold plunge and sauna."
Sheraton New York Times Square Hotel,"The Sheraton New York Times Square Hotel is located right in the thick of the action on Seventh Avenue.The 4,000-square-foot fitness center is beautifully designed and has a spacious, circular layout that provides guests with plenty of room to exercise.There are tons of cardio machines available, as well as free weights (including dumbbells up to 100 pounds), a squat rack, weight machines, and kettlebells.The Sheraton New York Times Square now offers ten Peloton bikes in a dedicated studio. You can have 24-hour access to studio cycling classes and there are six group rides Monday through Thursday, five on Friday and up to four on the weekend."
The Mark Hotel,"The Mark Hotel is a five-star, luxury hotel located on Manhattan's Upper East Side.The hotel's fitness center reflects the high standards of the rest of the hotel and guests can expect a state-of-the-art, 1,400-square-foot gym with top-of-the-line equipment.Gym equipment includes treadmills, ellipticals, stationary bikes, weight machines, dumbbells, barbells, benches, and a squat rack."
The William Vale,"Located across the East River from Lower Manhattan is The William Vale Hotel in Williamsburg, Brooklyn. The rooms are a bit small but they all have floor-to-ceiling windows and a balcony for an incredible view of Manhattan.The gym is open 24 hours and has treadmills, ellipticals, cable machines, dumbbells, and benches."
Parker New York,"The Parker New York hotel in Midtown is a fantastic place to stay when visiting New York City, with a rooftop pool and incredible views of Central Park.Guests have free access to the 15,000-square-foot multi-level Gravity fitness center.Equipment includes treadmills, ellipticals, rowers, heavy dumbbells, barbells, and weight machines."
New York Hilton Midtown,"The New York Hilton Midtown is a common place to stay for business travelers coming to New York City and is pretty conventional in design and layout.It's also located only ten minutes from Times Square, so it's a solid choice for anyone visiting the big city.Beautifully designed and spacious, the Hilton Midtown's gym boasts a ton of treadmills, cardio machines, dumbbells, and even a few barbells. It is open 24 hours a day."
1 Hotel Central Park,"The Field House gym at 1 Hotel Central Park is open 24 hours a day, 7 days a week.Gym equipment includes treadmills, Peloton bikes, a SkiErg, squat rack, barbells, dumbbells, kettlebells, a turf area, a sled, and a rower."
"The Ritz-Carlton New York, Central Park","The newly redesigned fitness center at The Ritz-Carlton New York, Central Park is both spacious and well-equipped.Gym equipment includes cardio machines, weight machines, dumbbells, barbells, kettlebells, medicine balls, and a smith machine."
The Wall Street Hotel,"The fitness center at The Wall Street Hotel is open 24 hours a day, 7 days a week.Gym equipment includes Peloton bikes, a Mirror (now Lululemon Studio), dumbbells, barbells, benches, and squat racks."
Tempo by Hilton New York Times Square,"The fitness center at Tempo by Hilton New York Times Square is open 24 hours a day, 7 days a week.Gym equipment includes treadmills, Peloton bikes, an Assault rower, cable machines, a Smith machine, dumbbells, and benches."
Hotel 32|32,There is no in-house fitness center at the boutique Hotel 32|32 in the Flatiron - Murray Hill section of Manhattan but guests have free 24-hour access to Solace New York - a full CrossFit gym located just steps away from the hotel.
Virgin Hotels New York City,"Virgin Hotels New York City opened in 2023 in midtown Manhattan and the fifth-floor gym features treadmills, ellipticals, weight machines, cable machines, dumbbells, kettlebells, and benches."
Renaissance New York Midtown Hotel,"Guests of the Renaissance New York Midtown Hotel receive free access to a Planet Fitness located within the building.The two-story Planet Fitness is open 24 hours a day, 7 days a week and has cardio machines, weight machines, and free weights."
The Muse New York,"The fitness center at The Muse New York is open 24 hours a day, 7 days a week.Gym equipment includes treadmills, ellipticals, Peloton bikes, a rowing machine, a cable machine, dumbbells, kettlebells, benches, and a boxing bag."
London Marriott Hotel County Hall,"The Club at County Hall fitness center at London Marriott Hotel County Hall encompasses an indoor swimming pool and a 6,000-square-foot gym with state-of-the-art equipment.The gym features treadmills, ellipticals, stationary bikes, rowers, dumbbells, barbells, monkey bars, a power rack, a yoga studio, and a spin bike studio.The gym is open from 5:30 am to 11:00 pm Monday to Friday and from 6 am to 11 pm on weekends."
The Bulgari Hotel,"Workshop Gymnasium in The Bulgari Hotel in London has functional fitness, yoga, pilates, and boxing classes.TRX straps, Olympic-style rings, and kettlebells offer functional fitness enthusiasts a great way to stay fit while traveling.Through a partnership with Les Mullins, one of the most prominent personal trainers in the world, The Bulgari Hotel is able to offer its guests a first-class fitness experience."
W London,"The fitness center at the W London is open 24 hours a day, 7 days a week.Gym equipment includes treadmills, ellipticals, bikes, a cable machine, dumbbells, barbells, kettlebells, a squat rack, and benches."
Mondrian Shoreditch London,"The state-of-the-art gym at Mondrian Shoreditch London is open 24 hours a day.Gym equipment includes treadmills, a rower, a Stairmaster, a Peloton bike, dumbbells, kettlebells, barbells, benches, and a squat rack.Personal training sessions are available on request."
The Lanesborough,"The spacious gym at The Lanesborough hotel is packed with fitness equipment, including treadmills, ellipticals, spin bikes, rowers, a heavy boxing bag, dumbbells, kettlebells, barbells, benches, a squat rack, TRX zone, and a Technogym SKILLMILL treadmill.The hotel also offers a series of group classes with no more than eight people in yoga, reformer Pilates, Bodysim boxing, and HIIT TRX."
London Marriott Hotel Kensington,"The 7,000-square-foot Gym Way at London Marriott Hotel Kensington is open Monday through Thursday from 6:30 am to 10 pm, 6:30 to 9 pm Fridays, and 8 am to 4 pm on weekends.Gym equipment includes treadmills, ellipticals, bikes, rowers, weight machines, cable machines, power racks, dumbbells, barbells, kettlebells, battle ropes, rings, TRX, sleds, sandbags, and more."
Shangri-La Hotel at the Shard,"This one has the best view on this list. The gym in the Shangri-La Hotel at the Shard is on the 52nd floor and has floor-to-ceiling windows that provide guests with a panoramic view of beautiful London.The gym is open 24 hours a day and offers treadmills, cardio machines, weight machines, dumbbells, and a Concept2 rower."
Hotel ICON,"The 24 hour harbour-facing fitness center at Hotel ICON provides the latest Technogym cardiovascular and weight training equipment and a stunning panoramic view of Tsim Sha Tsui, Victoria Harbour, and Hong Kong's skyline. A personal trainer is available."
Grand Hyatt Hong Kong,"The fitness center at the Grand Hyatt Hong Kong is open from from 6:30am to 10pm daily and has a great selection of cardio and weightlifting equipment.The gym features treadmills, ellipticals, stationary bikes, a rowing machine, weight machines, a Smith machine, barbells, dumbbells, and benches."
Hong Kong SkyCity Marriott Hotel,"The spacious fitness center at Hong Kong SkyCity Marriott Hotel is open daily from 7am to 11pm and features treadmills, ellipticals, stationary bikes, weight machines, dumbells, kettlebells, benches, and a cable machine."
Kerry Hotel,"The Kerry Hotel is an upscale hotel in a sleek building that overlooks Kowloon Bay and Victoria Harbour. This is among the most comprehensive fitness centres in Hong Kong, offering a 24-hour gym with the latest exercise equipment (plus a nice variety) and a 25-meter outdoor heated swimming pool overlooking Victoria Harbour."
Park Hyatt,"Park Hyatt Tokyo is conveniently located in the heart of Shinjuku, Tokyo's vibrant business and entertainment district and is within walking distance of Shinjuku Station, the city's largest transportation hub.The Club on the Park gymnasium and aerobics studio flank either side of a pool on the 47th floor. The studio features body sonic flooring, while the gym is equipped with a complete range of Life Fitness weight training and fitness equipment.Floor-to-ceiling windows with a stunning view from 47 floors up make this hotel gym one of the best in the world."
Mandarin Oriental Tokyo,"Set in the historic Nihonbashi neighborhood, the Mandarin Oriental Tokyo is a luxury high-rise hotel that occupies the top nine floors of the 34-story Nihonbashi Mitsui Tower.Located on the 38th floor, the glass-walled fitness center offers a range of exercise equipment and stunning views of the city below. There's stationary bikes, treadmills, dumbbells, TRX Training straps, and plenty of room to stretch out, all while enjoying the incredible view."
The Strings by InterContinental,"The Strings by InterContinental Tokyo is a 5-star, luxury hotel located in the Shinagawa East One Tower near Shinagawa Station.The fitness center is ‘Modern Japanese’ themed and is located on the 26th floor. It's open 24 hours and boasts panoramic views of Tokyo. The fitness room features the latest cardio equipment, free weights, resistance machines, and an extensive wellness platform to ensure guests stay on their fitness track during their travels."
Tokyo Station Hotel,"Set in a grand redbrick building in the Marunouchi business district, this high-end landmark hotel dating from 1915 is directly connected to Marunouchi train station. It's also two kilometers from the Imperial Palace.The Jexer Tokyo Fitness Lounge in the Tokyo Station Hotel is beautifully decorated and has plenty of options from machines to free weights. There's also a ton of space for stretching, yoga, or bodyweight workouts. Membership and personal training sessions are offered. It is not open 24 hours."
Aman Tokyo,"Set in the top six floors of a sleek high-rise, the Aman Tokyo is three kilometers from the Tsukiji fish market and two kilometers from Tokyo Imperial Palace.The spacious, light-filled Fitness Center provides outstanding views of Tokyo while you workout and is equipped with the latest in cardiovascular and weight-training machinery from Technogym and Life Fitness. TRX and spinning bikes are also available and it even has battle ropes!"
Four Seasons Hotel,"The Four Seasons Hotel Toyko is located in a high-rise building across the street from Tokyo Station and is only two kilometers from Tokyo Imperial Palace.Open 24 hours and quite large at over 3,000 square feet, the fitness studio in the Four Seasons has a wide range equipment, including cardio machines, weight training equipment, free weights, and a Concept2 rower. Floor-to-ceiling windows provide a great view of the city."
Palace Hotel,"The Palace Hotel is located in a high-rise building in Chiyoda and overlooks the lakes and gardens of Tokyo Imperial Palace.Located on the fifth floor adjacent to the spa, the 1,367-square-foot fitness facility comes outfitted with extensive weight training equipment and the latest cardiovascular machines by Technogym and Life Fitness as well as a Kinesis System.Wall-to-wall, floor-to-ceiling windows offer captivating views of the Imperial Palace gardens – the perimeter of which happens to double as a 5 five kilometer jogging track."
Andaz Tokyo Toranomon Hills,"Andaz Tokyo Toranomon Hills is an elegant high-rise hotel and is located only one kilometer from Tokyo Tower and three kilometers from the Tokyo Imperial Palace.The hotel gym features gorgeous views from the 37th floor and is filled with a ton of equipment options, including cardio machines, weight machines, a Concept2 rower, and an excellent selection of free weights.There's plenty of space for you to workout here (over 1,300 square meters) without feeling cramped or too close to others and they even have kettlebells (rare in hotel gyms).Exclusive memberships are available and the gym is open from 5 a.m. until 10 p.m."
Grand Hyatt Tokyo,"Adjacent to the shopping, restaurants and museums at Roponngi Hills, the Grand Hyatt Tokyo  is just two kilometers from Tokyo Tower and a fourteen minute walk from Nogizaka Station.The Nagomi Spa and Fitness center features the latest equipment from TechnoGym® and a full range of high-tech cardio and strength-training equipment, including cardio machines, stationary bikes, dumbbells, and barbells. Personal training sessions are available."
Hyatt Regency San Francisco,"The 3,200 square-foot fitness center at the Hyatt Regency San Francisco Downtown SOMA is open 24/7.Gym equipment includes treadmills, ellipticals, Peloton bikes, a squat rack, barbells, dumbbells, kettlebells, weight machines, and benches."
Hyatt Regency San Francisco,"The 3,200 square-foot fitness center at the Hyatt Regency San Francisco Downtown SOMA is open 24/7.Gym equipment includes treadmills, ellipticals, Peloton bikes, a squat rack, barbells, dumbbells, kettlebells, weight machines, and benches."
W San Francisco,"Enjoy great views and a modern atmosphere at W San Francisco, a trendy hotel located in the South of Market neighborhood and a mile from San Francisco Bay.The newly restyled 1,875-square-foot Fit Gym is energy-boosting and available to guests 24 hours a day.Gym equipment includes treadmills, ellipticals, stationary bikes, cable machines, a smith machine, dumbbells, kettlebells, and benches."
Four Seasons San Francisco at Embarcadero,"The fitness center at the Four Seasons San Francisco at Embarcadero is located on the third floor and is open 24 hours a day.Gym equipment includes treadmills, ellipticals, stationary bikes, weight machines, cable machines, dumbbells, barbells, kettlebells, benches, and a squat rack."
San Francisco Marriott Marquis,"The San Francisco Marriott Marquis is set in a high-rise building, near Union Square and Moscone Center.The COR Health and Fitness Center is open 24 hours a day and features treadmills, ellipticals, stationary bikes, weight machines, dumbbells, barbells, kettlebells, benches, and stairmasters."
Hyatt Regency San Francisco,"The Hyatt Regency San Francisco is located at the foot of Market Street and The Embarcadero in the Financial District.The StayFit Fitness Center is open 24 hours a day and features treadmills, ellipticals, Peloton bikes, dumbbells, kettlebells, benches, a rower, TRX training straps, weight machines, cables, and pull-up bars."
1 Hotel San Francisco,"The Field House Gym at 1 Hotel San Francisco is open 24 hours a day, 7 days a week.Gym equipment includes treadmills, Peloton bikes, dumbbells, kettlebells, a barbell and squat rack, medicine balls, and benches."
ARIA Resort and Casino,"The 6,000-square-foot fitness center at ARIA Resort and Casino is open daily from 6 am to 6 pm.Gym equipment includes treadmills, ellipticals, bikes, a rower, weight machines, dumbbells, barbells, benches, and a Treadwall rotating climbing wall.Group classes offered include kettlebell training, TRX Fusion, Combat Cardio, yoga, Pilates, Barre, and spinning classes."
"The STRAT Hotel, Casino & SkyPod","The new fitness center at The STRAT Hotel, Casino & SkyPod is open 24 hours a day.The gym is equipped with treadmills, ellipticals, stationary bikes, rowers, StairMasters, weight machines, cable machines, dumbbells, kettlebells, benches, and a turf area."
Plaza Hotel & Casino,"The Plaza Gym at the Plaza Hotel & Casino is open from 5 am to 10 pm daily.The gym is equipped with treadmills, air bikes, rowers, cable machines, dumbbells, barbells, kettlebells, benches, pull-up bars, and power racks."
The Venetian Las Vegas,"The Venetian Las Vegas complex includes The Palazzo and Sands Expo Convention Center and is located right on the strip. Guests have access to the Canyon Ranch Spa, which includes a massive gym that’s open daily from 6 am to 8 pm.Equipment includes cardio machines, weight machines, squat racks, barbells, dumbbells, kettlebells, and a rock climbing wall."
Flamingo Las Vegas Hotel & Casino,"The fitness center at the Flamingo Las Vegas Hotel & Casino is open daily from 7 am to 5 pm.Gym equipment includes treadmills, ellipticals, stationary bikes, weight machines, cable machines, a Smith machine, dumbbells, and benches."
1 Hotel South Beach,"The new Anatomy South Beach Gym at 1 Hotel South Beach is a 14,000 square-foot second-floor gym that features treadmills, rowing machines, weight machines, dumbbells, barbells, squat racks, TRX, boxing equipment, and kettlebells.Hours are 6 am - 10 pm on weekdays and 7 am - 10 pm on weekends."
"EAST, Miami","EAST, Miami is a stylish, modern, lifestyle hotel located in the Brickell City Centre area.The hotel's gym, BEAST (Body by EAST) is open 24 hours and features treadmills, ellipticals, stationary bikes, a Concept2 rowing machine, weight machines, dumbbells, barbells, benches, battle ropes, and a squat rack."
Kimpton Epic Hotel,"Located in downtown Miami, the Kimpton Epic Hotel has a 16th floor gym with some spectacular views of the pool terrace and Biscayne Bay. There's strength training equipment, cardio machines, and classes in yoga, barre, and high intensity interval training (HIIT).If none of that appeals to you, try a tour around the local neighborhood on a European-style cruiser by PUBLIC Bikes - free for guests."
W South Beach,"The W South Beach's 2,500-square-feet, state-of-the-art, fully-equipped FIT gym is open 24 hours and features treadmills, ellipticals, stationary bikes (including a Peloton), weight machines, dumbbells, kettlebells, barbells, a Smith machine, and a bench press."
JW Marriott Marquis Miami,"The spacious fitness center at the JW Marriott Marquis Miami is open 24 hours a day and features treadmills, ellipticals, stationary bikes, plate-loaded weight machines, dumbbells (including heavy ones), a Smith machine, a cable machine, benches, and a separate yoga studio."
Fontainebleau Resort Miami Beach,"The Fontainebleau Resort Miami Beach's 5,000 square foot fitness center offers stunning views of the Atlantic Ocean while you use their many cardio equipment options, including treadmills with multi-language capability and fully integrated TV screens.You'll also find cross-training machines, recumbent bikes, a wide range of low to heavy weights, and resistance and cardio training on Cybex Eagle."
JW Marriott Miami Turnberry Resort & Spa,"The 3,600-square-foot fitness center at JW Marriott Miami Turnberry Resort & Spa is open 24 hours a day, 7 days a week.The gym features treadmills, ellipticals, stair masters, stationary bikes, dumbbells, barbells, benches, and squat racks."
The St. Regis Bal Harbour Resort,"The St. Regis Athletic Club at The St. Regis Bal Harbour Resort in Miami Beach is open 24 hours a day and features treadmills, ellipticals, stationary bikes, a Concept2 rowing machine, weight machines, dumbbells, and benches."
Hotel Lutetia,"Hotel Lutetia in the Saint-Germain-des-Prés area of Paris is a luxury landmark hotel with views of the Eiffel Tower.The 1,076 square foot gym features dumbbells, barbells, a squat rack, a cable machine, benches, treadmills, stationary bikes, and a Stairmaster."
Hyatt House Paris Charles de Gaulle Airport,"The fitness center at Hyatt House Paris Charles de Gaulle Airport is small but it’s well-equipped and open 24/7.Gym equipment includes treadmills, ellipticals, stationary bikes, a cable machine with a pull-up bar, dumbbells, and benches."
Renaissance Paris Republique Hotel & Spa,"The fitness center at the Renaissance Paris Republique Hotel & Spa is open daily from 11 am to 8 pm.Gym equipment includes treadmills, ellipticals, stationary bikes, weight machines, dumbbells, and kettlebells."
Bulgari Hotel Paris,"The 120-square-meter Fitness Space at the Bulgari Hotel Paris is open 24 hours a day, 7 days a week.Gym equipment includes treadmills, a rower, dumbbells, barbells, kettlebells, and a squat rack."
Hotel R de Paris,"The gym and spa at the Hotel R de Paris are open daily from 7 am to 10 pm.Gym equipment includes treadmills, ellipticals, stationary bikes, a rowing machine, dumbbells, and benches."
Four Seasons Hotel George V Paris,"Le Spa at the Four Seasons Hotel George V Paris features a 1,200-square-foot Fitness Centre that’s open 24/7.Gym equipment includes dumbbells, kettlebells, barbells, weight machines, cardio machines, yoga mats, foam rollers, jump ropes, and a Smith machine.Private classes, certified trainers, heart rate monitors, workout clothes, and sneakers are available on request."
Pullman Paris Tour Eiffel,"The four-star hotel Pullman Paris Tour Eiffel is set at the foot of the Eiffel Tower and is open 24 hours a day, 7 days a week.Gym equipment includes treadmills, ellipticals, stationary bikes, weight machines, dumbbells, and benches."
Hotel du Collectionneur Arc de Triomphe,"The fitness center at Hotel du Collectionneur Arc de Triomphe is open from 7 am to 11 pm.Gym equipment includes treadmills, ellipticals, stationary bikes, weight machines, cable machines, dumbbells, benches, and a pull-up bar."
Park Hyatt Paris-Vendome,"Le Spa Fitness at the Park Hyatt Paris-Vendome is open 24 hours a day, 7 days a week.Equipment includes treadmills, ellipticals, bikes, weight machines, dumbbells, kettlebells, benches, TRX, and a pull-up bar.A personal trainer is available on request."
Chicago Marriott Downtown Magnificent Mile,"The 9,000-square-foot gym at the Chicago Marriott Downtown Magnificent Mile is open 24 hours a day, 7 days a week.Gym equipment includes treadmills, ellipticals, stationary bikes, weight machines, cable machines, dumbbells, kettlebells, and benches."
Marriott Marquis Chicago,"The fitness center at Marriott Marquis Chicago is open 24/7.Gym equipment includes treadmills, ellipticals, a rower, a Stairmaster, weight machines, cable machines, dumbbells, barbells, and a Smith machine."
JW Marriott Chicago,"The spacious fitness center at the JW Marriott Chicago is open 24 hours a day, 7 days a week.Gym equipment includes treadmills, ellipticals, stationary bikes, weight machines, cable machines, a smith machine, dumbbells (up to 80 pounds), kettlebells, barbells, and benches."
Hilton Chicago,"The fitness center at Hilton Chicago O’Hare Airport is fully equipped with free weights that will keep weight lifters happy while traveling.Gym equipment includes weight machines, cable machines, barbells, dumbbells, benches, and a squat rack."
Hilton Chicago,"The 25,000-square-foot fitness center at the Hilton Chicago is open 5 am to 9 pm Monday through Thursday, 5 am to 10 pm on Friday, 6 am to 10 pm on Saturday, and 6 am to 9 pm on Sunday.Gym equipment includes treadmills, ellipticals, Peloton bikes, weight machines, cable machines, barbells, dumbbells, kettlebells, squat racks, benches, and an indoor track."
Swissotel Chicago,"The fitness center at the Swissotel Chicago is open from 5 am to 10 pm daily.Gym equipment includes treadmills, ellipticals, Peloton bikes, a Stairmaster, weight machines, cable machines, dumbbells, kettlebells, and benches."
1 Hotel West Hollywood,"The Field House Gym at 1 Hotel West Hollywood is open 24/7.Gym equipment includes treadmills, ellipticals, a StairMaster, a SkiErg, Peloton bikes, dumbbells, barbells, kettlebells, a squat rack, and a turf area."
Sheraton Grand Los Angeles,"The fitness center at the Sheraton Grand Los Angeles is open 24 hours a day and has top-of-the-line, state-of-the-art machines to help you stay in shape.The gym features treadmills, ellipticals, stationary bikes, rowing machines, weight machines, dumbbells, benches, and views of downtown LA."
The Westin Los Angeles Airport,"The WestinWORKOUT Fitness Studio at The Westin Los Angeles Airport is open 24 hours a day.Gym equipment includes treadmills, ellipticals, Peloton bikes, dumbbells, kettlebells, medicine balls, TRX straps, and benches."
The Chamberlain West Hollywood,"The 700-square-foot fitness center at The Chamberlain West Hollywood is open 24 hours a day, 7 days a week.Gym equipment includes treadmills, a Peloton bike, a smith machine, a cable machine, dumbbells, kettlebells, and benches."
Sofitel Los Angeles at Beverly Hills,"The 2,000-square-foot Sofitel Fitness Center at Sofitel Los Angeles at Beverly Hills is open from 6 am to 9 pm daily.Gym equipment includes treadmills, ellipticals, Peloton bikes, an air bike, weight machines, cable machines, barbells, dumbbells, and benches."
The Westin Bonaventure Hotel and Suites,"The WestinWORKOUT Fitness Studio at The Westin Bonaventure Hotel and Suites is open 24 hours a day, 7 days a week.Gym equipment includes treadmills, ellipticals, weight machines, cable machines, dumbbells, kettlebells, TRX straps, and benches."
Four Seasons Hotel Los Angeles at Beverly Hills,"The fitness center at the Four Seasons Hotel Los Angeles at Beverly Hills is open-air and open from 6 am to 9 pm daily.Gym equipment includes treadmills, ellipticals, a Peloton bike, weight machines, cable machines, dumbbells, barbells, kettlebells, benches, and a turf area."
"Courtyard by Marriott Washington, DC Dupont Circle","The fitness center at the Courtyard by Marriott Washington, DC Dupont Circle is open 24 hours a day, 7 days a week.Gym equipment includes treadmills, ellipticals, stationary bikes, cable machines, dumbbells, kettlebells, and benches."
"Renaissance Washington, DC Downtown Hotel","Vida Fitness at the Renaissance Washington, DC Downtown Hotel is 10,000 square feet and is open 24 hours a day.Gym equipment includes treadmills, ellipticals, stationary bikes, StairMasters, weight machines, cable machines, barbells, dumbbells, kettlebells, benches, and a squat rack."
AC Hotel Washington DC Capitol Hill Navy Yard,"The fitness center at the AC Hotel Washington DC Capitol Hill Navy Yard is open 24 hours a day, 7 days a week.Gym equipment includes treadmills, ellipticals, stationary bikes, dumbbells, barbells, kettlebells, rings, bars, benches, and a squat rack."
"The Westin Georgetown, Washington DC","The fitness center at The Westin Georgetown, Washington DC is open 24 hours a day, 7 days a week.Gym equipment includes treadmills, ellipticals, Peloton bikes, a rower, cable machines, dumbbells, kettlebells, and benches."
Hilton Washington DC National Mall the Wharf,"The fitness center at the Hilton Washington DC National Mall the Wharf is open 24 hours a day, 7 days a week.Gym equipment includes treadmills, ellipticals, stationary bikes, a rower, weight machines, cable machines, and free weights."
AC Hotel Washington DC Convention Center,"The fitness center at the AC Hotel Washington DC Convention Center is open 24 hours a day, 7 days a week.Gym equipment includes treadmills, ellipticals, a Peloton bike, a StairMaster, cable machines, weight machines, dumbbells, kettlebells, and benches."
The LINE Hotel DC,"The Urban Athletic Club at The LINE Hotel DC is open daily from 6 am to 10 pm.Equipment includes Rogue barbells, squat racks, Concept2 rowers, treadmills, TRX, dumbbells, benches, kettlebells, a turf area with a sled, plyo boxes, and ellipticals."
"Rome Cavalieri, A Waldorf Astoria Hotel","Located in the Cavalieri Grand Spa, the gym at the Rome Cavalieri, A Waldorf Astoria Hotel is open daily from 7:30 am to 9:00 pm.The spacious gym features dumbbells, barbells, kettlebells, weight machines, benches, treadmills, pull-up bars, gymnastic rings, a Stairmaster, and ellipticals."
Hilton Warsaw,"Holmes Place is a luxurious health and wellness club located in the Hilton Warsaw and guests of the hotel have free access.The club is over 37,000 square feet and features treadmills, bicycles, cross trainers, rowing machines, resistance machines, jump ropes, training ropes, tiers, sandbags, dumbbells, balls, Bosu Balls, barbells, kettlebells, and trampolines.You can also pre-book group training classes in Zumba or Krav Maga in a separate studio."
TWA Hotel,"The 10,000-square-foot fitness center at TWA Hotel at John F. Kennedy International Airport in New York City is open 24 hours a day, 7 days a week.There are kettlebells, battle ropes, monkey bars, medicine balls, sandbags, jump ropes, resistance bands, boxes, TRX straps, dumbbells up to 100 pounds, multiple benches, squat racks, barbells, and weight machines.There are also plenty of treadmills, ellipticals, stair masters, stationary bikes, Concept2 rowers, and a whole room full of Peloton bikes."
Boston Park Plaza,"This 20,000-square-foot Lynx Fitness Club at the Boston Park Plaza is filled with strength training and cardio equipment to provide guests with an awesome fitness experience during their stay.Equipment includes dumbbells, barbells, kettlebells, squat racks, weight machines, cardio machines, and a turf area."
Renaissance Washington DC Downtown Hotel,"The 10,000-square-foot Vida Fitness at the Renaissance Washington DC Downtown Hotel is open 24 hours a day.Gym equipment includes treadmills, ellipticals, stationary bikes, StairMasters, weight machines, cable machines, barbells, dumbbells, kettlebells, benches, and a squat rack.VIDA Renaissance has gained a reputation as one of the most popular hotel gyms in the United States and is home to many visiting celebrities and dignitaries."
The Westin Kansas City at Crown Center,"The WestinWORKOUT Studio at The Westin Kansas City at Crown Center is open daily from 6 am to 10 pm.Gym equipment includes treadmills, ellipticals, Peloton bikes, weight machines, cable machines, dumbbells, barbells, kettlebells, TRX, and benches."
Cleveland Marriott Downtown at Key Tower,"The 20,000-square-foot fitness center at Cleveland Marriott Downtown at Key Tower is open 24 hours a day, 7 days a week.Gym equipment includes tons of treadmills, ellipticals, weight machines, cable machines, squat racks, dumbbells, barbells, kettlebells, and more."
JW Marriott Indianapolis,"The spacious fitness center at JW Marriott Indianapolis features treadmills, ellipticals, spin bikes, weight machines, a Smith machine, dumbbells, barbells, benches, a cable machine, and a pull-up bar. The gym is open 24/7."
"Hotel Ivy, a Luxury Collection Hotel, Minneapolis","A hotel gym with two squat racks? It might seem too good to be true but the gym at the Hotel Ivy, a Luxury Collection Hotel, Minneapolis has it. Plus much more.The new 5,000-square-foot Anda Spa Fitness Center and Studios is open 24 hours a day and features treadmills, stationary bikes, Concept2 rowers, Ski Ergs, a Peloton bike, dumbbells, barbells, squat racks, and Rogue benches."
Hilton New Orleans Riverside,"The 100,000-square-foot Health Club at the Hilton New Orleans Riverside Hotel provides guests with an exceptional gym, featuring treadmills, recumbent bikes, ellipticals, StairMasters, rowing machines, a cycling studio, barbells, and dumbbells.There’s also a cross-training room with TRX straps,  kettlebells, battle ropes, medicine balls, heavy bags, and resistance bands. On-site personal training and group classes are available. A $12 daily resort fee is required to use the Health Club."
1 Hotel South Beach,"The 14,000-square-foot Anatomy South Beach Gym at 1 Hotel South Beach is open from 6 am - 9 pm on weekdays and 7 am - 8 pm on weekends.Gym equipment includes treadmills, rowing machines, weight machines, dumbbells, barbells, squat racks, TRX, boxing equipment, and kettlebells."
Hilton Anatole,"The 80,000-square-foot Verandah Club at the Hilton Anatole in Dallas is filled with cardio machines, barbells, and dumbbells, studios for Spinning, barre, and other classes, a boxing gym, racquetball, and squash courts; and a 25-meter lap pool.There's also a seven-acre park outside that offers a quarter-mile running track, tennis courts, and a full basketball court."
"The Houstonian Hotel, Club, and Spa","The Houstonian Hotel, Club, and Spa in Houston has been a pioneer in the hotel gym world, opening the 125,000 square foot Health Club back in 1980.Guests can enjoy access to 300-plus cardio and strength machines, a staff of exercise and nutrition specialists, indoor running tracks, tennis and racquetball courts, pool, yoga studio, and studios for classes.Read more: The Best Gyms in the World"
"Carte Hotel San Diego Downtown, Curio Collection by Hilton","Guests of the Carte Hotel San Diego Downtown, Curio Collection by Hilton have access to Fit Athletic Club & Gym, located in the same building. Fit Athletic is open from 5 am to 9 pm Monday-Friday and 7 am to 7 pm Saturday and Sunday.The gym has cardio machines, weight machines, dumbbells, barbells, kettlebells, squat racks, studios, turf areas, and a rooftop training area."
Resorts World Las Vegas,"Resorts World Las Vegas houses three Hilton Hotels: Las Vegas Hilton at Resorts World, Conrad Las Vegas at Resorts World, and Crockfords Las Vegas.The fitness center at Resorts World Las Vegas is open daily from 5 am to 8 pm and is open to anyone staying at the three Hilton Hotels.Gym equipment includes Peloton bikes, StairMasters, weight machines, cable machines, dumbbells, barbells, kettlebells, squat racks, and a turf area with a sled."
W Taipei,"Fit Gym at W Taipei provides guests with an array of cardio machines, weight machines, free weights, yoga/aerobics room, and a spa in over 400 square meters."
W Retreat and Spa Bali,"The Mulia Fitness Centre at Hotel Mulia Senayan is newly remodeled and provides guests with a 360 degree panoramic view of Jakarta while working out. Mulia Fitness Centre provides the latest cardiovascular and weight training equipment, with personal fitness trainers and a variety of group classes available.FIT at W Retreat and Spa Bali offers an incredible health and wellness experience for guests. The facility is state-of-the-art and is open 24 hours a day. Equipment includes standard cardio machines, free weights, a detox chamber, steam room, hot stone bath, and cold plunge.What sets this one apart are the fitness programs. Morning meditation, sunrise stretching, and outdoor circuit training are just some of the many programs available."
Carlton Hotel Singapore,"The beautiful gym at Carlton Hotel Singapore offers cardio machines and an outstanding selection free weights, including barbells and dumbbells, to go along with open space for yoga and stretching. Take a virtual tour of the gym here."
Hotel Jen Beijing,"The Club on the Park gymnasium and aerobics studio flank either side of a pool on the 47th floor. The studio features body sonic flooring, while the gym is equipped with a complete range of Life Fitness weight training and fitness equipment.Floor-to-ceiling windows with a stunning view from 47 floors up make the Park Hyatt in Tokyo arguably the hotel gym with the best view.Cover photo by Hotel Jen Beijing."
Thompson Dallas,"The gym at the Thompson Dallas is located on the ninth floor of the hotel and is open 24 hours a day, 7 days a week.Equipment includes treadmills, ellipticals, stairmasters, a SkiErg, Peloton bikes, an airbike, rowers, squat racks, barbells, kettlebells, dumbbells, and benches."
Hotel Crescent Court,"The fitness center at Hotel Crescent Court is open 24 hours a day, 7 days a week.Equipment includes treadmills, ellipticals, Peloton bikes, weight machines, cable machines, squat racks, barbells, dumbbells, and benches."
Omni Dallas Hotel,"The spacious fitness center at the Omni Dallas Hotel is open 24 hours a day, 7 days a week.Gym equipment includes treadmills, ellipticals, Peloton bikes, weight machines, cable machines, and free weights."
Renaissance Dallas at Plano Legacy West Hotel,"The center at the Renaissance Dallas at Plano Legacy West Hotel is open 24 hours a day, 7 days a week.Gym equipment includes treadmills, ellipticals, StairMasters, weight machines, cable machines, dumbbells, kettlebells, ropes, and benches."
Sheraton Dallas Hotel,"The 6,000-square-foot fitness center at the Sheraton Dallas Hotel is open 24 hours a day, 7 days a week.Equipment includes treadmills, ellipticals, Peloton bikes, heavy dumbbells, barbells, benches, cable machines, and weight machines."
Hilton Anatole Dallas,"The 80,000-square-foot Verandah Fitness Club at the Hilton Anatole Dallas is open from 5:30 AM to 8 PM Monday through Friday, 6:30 AM to 8 PM on Saturdays, and 6:30 AM to 7 PM on Sundays.Gym equipment includes treadmills, ellipticals, Peloton bikes, weight machines, cable machines, squat racks, barbells, and dumbbells."
Four Seasons Resort and Club Dallas at Las Colinas,"The massive gym at the Four Seasons Resort and Club Dallas at Las Colinas is open from 5:30 AM to 10 PM Monday through Friday and 6:30 AM to 9 PM on weekends.Equipment includes treadmills, ellipticals, Peloton bikes, an indoor track, weight machines, cable machines, barbells, dumbbells, and kettlebells."
"The Ritz-Carlton, Atlanta","Hotels are building bigger and better gyms.Some hotels have done better than others at providing a top-notch fitness experience and we've picked ten of the best hotel gyms in Atlanta.These are the best hotel gyms in Atlanta:Loews Atlanta HotelFour Seasons Hotel AtlantaW Atlanta DowntownInterContinental BuckheadHyatt Regency AtlantaOmni Hotel at the Battery AtlantaSt. Regis AtlantaMandarin Oriental AtlantaThe Westin Buckhead AtlantaThe Ritz-Carlton, AtlantaEach hotel’s gym is evaluated by size, hours, and equipment selection. Let’s look at what each one offers.Save up to 50% on value deals in Atlanta by booking your room with our partner Booking.com. Just hit the “book your room” button."
"The Ritz-Carlton, Atlanta","Hotels are building bigger and better gyms.Some hotels have done better than others at providing a top-notch fitness experience and we've picked ten of the best hotel gyms in Atlanta.These are the best hotel gyms in Atlanta:Loews Atlanta HotelFour Seasons Hotel AtlantaW Atlanta DowntownInterContinental BuckheadHyatt Regency AtlantaOmni Hotel at the Battery AtlantaSt. Regis AtlantaMandarin Oriental AtlantaThe Westin Buckhead AtlantaThe Ritz-Carlton, AtlantaEach hotel’s gym is evaluated by size, hours, and equipment selection. Let’s look at what each one offers.Save up to 50% on value deals in Atlanta by booking your room with our partner Booking.com. Just hit the “book your room” button."
"The Ritz-Carlton, Atlanta","Hotels are building bigger and better gyms.Some hotels have done better than others at providing a top-notch fitness experience and we've picked ten of the best hotel gyms in Atlanta.These are the best hotel gyms in Atlanta:Loews Atlanta HotelFour Seasons Hotel AtlantaW Atlanta DowntownInterContinental BuckheadHyatt Regency AtlantaOmni Hotel at the Battery AtlantaSt. Regis AtlantaMandarin Oriental AtlantaThe Westin Buckhead AtlantaThe Ritz-Carlton, AtlantaEach hotel’s gym is evaluated by size, hours, and equipment selection. Let’s look at what each one offers.Save up to 50% on value deals in Atlanta by booking your room with our partner Booking.com. Just hit the “book your room” button."
"The Ritz-Carlton, Atlanta","Hotels are building bigger and better gyms.Some hotels have done better than others at providing a top-notch fitness experience and we've picked ten of the best hotel gyms in Atlanta.These are the best hotel gyms in Atlanta:Loews Atlanta HotelFour Seasons Hotel AtlantaW Atlanta DowntownInterContinental BuckheadHyatt Regency AtlantaOmni Hotel at the Battery AtlantaSt. Regis AtlantaMandarin Oriental AtlantaThe Westin Buckhead AtlantaThe Ritz-Carlton, AtlantaEach hotel’s gym is evaluated by size, hours, and equipment selection. Let’s look at what each one offers.Save up to 50% on value deals in Atlanta by booking your room with our partner Booking.com. Just hit the “book your room” button."
"The Ritz-Carlton, Atlanta","Hotels are building bigger and better gyms.Some hotels have done better than others at providing a top-notch fitness experience and we've picked ten of the best hotel gyms in Atlanta.These are the best hotel gyms in Atlanta:Loews Atlanta HotelFour Seasons Hotel AtlantaW Atlanta DowntownInterContinental BuckheadHyatt Regency AtlantaOmni Hotel at the Battery AtlantaSt. Regis AtlantaMandarin Oriental AtlantaThe Westin Buckhead AtlantaThe Ritz-Carlton, AtlantaEach hotel’s gym is evaluated by size, hours, and equipment selection. Let’s look at what each one offers.Save up to 50% on value deals in Atlanta by booking your room with our partner Booking.com. Just hit the “book your room” button."
"The Ritz-Carlton, Atlanta","Hotels are building bigger and better gyms.Some hotels have done better than others at providing a top-notch fitness experience and we've picked ten of the best hotel gyms in Atlanta.These are the best hotel gyms in Atlanta:Loews Atlanta HotelFour Seasons Hotel AtlantaW Atlanta DowntownInterContinental BuckheadHyatt Regency AtlantaOmni Hotel at the Battery AtlantaSt. Regis AtlantaMandarin Oriental AtlantaThe Westin Buckhead AtlantaThe Ritz-Carlton, AtlantaEach hotel’s gym is evaluated by size, hours, and equipment selection. Let’s look at what each one offers.Save up to 50% on value deals in Atlanta by booking your room with our partner Booking.com. Just hit the “book your room” button."
"The Ritz-Carlton, Atlanta","Hotels are building bigger and better gyms.Some hotels have done better than others at providing a top-notch fitness experience and we've picked ten of the best hotel gyms in Atlanta.These are the best hotel gyms in Atlanta:Loews Atlanta HotelFour Seasons Hotel AtlantaW Atlanta DowntownInterContinental BuckheadHyatt Regency AtlantaOmni Hotel at the Battery AtlantaSt. Regis AtlantaMandarin Oriental AtlantaThe Westin Buckhead AtlantaThe Ritz-Carlton, AtlantaEach hotel’s gym is evaluated by size, hours, and equipment selection. Let’s look at what each one offers.Save up to 50% on value deals in Atlanta by booking your room with our partner Booking.com. Just hit the “book your room” button."
Loews Atlanta Hotel,"Exhale at Loews Atlanta Hotel is 10,000 square feet and has a packed schedule of yoga, Core Fusion, HIIT, boot camp, and cycling classes.Gym equipment includes treadmills, ellipticals, stationary bikes, weight machines, cable machines, dumbbells, barbells, and benches.Gym memberships are available."
Four Seasons Hotel Atlanta,"The fitness center at the Four Seasons Hotel Atlanta is open from 7 am to 8 pm daily.Gym equipment includes treadmills, elliptical machines, Peloton bikes, weight machines, dumbbells, barbells, kettlebells, and benches."
W Atlanta Downtown,"The 1,700-square-foot FIT gym at W Atlanta Downtown is well-equipped with multiple cardio machines, weight machines, dumbbells, and boxing equipment.The floor-to-ceiling windows provide plenty of light to create a high-energy environment and offer fantastic views of downtown Atlanta."
InterContinental Buckhead Atlanta,"The state-of-the-art fitness center at the InterContinental Buckhead Atlanta is equipped with treadmills, lifecycle bikes, Stairmasters, elliptical trainers, free-weights, 47"" LCD HDTVs and locker rooms."
Omni Hotel at the Battery Atlanta,"The fitness center at the Omni Hotel at the Battery Atlanta is open 24 hours a day and has floor-to-ceiling windows, allowing you to enjoy a beautiful view of SunTrust Park, the home of the Atlanta Braves.Gym equipment includes treadmills, ellipticals, spin bikes, a rower, weight machines, dumbbells, barbells, and benches."
The St. Regis Atlanta,"Located on the 7th floor of The St. Regis Atlanta, the Athletic Club is open 24 hours a day, 7 days a week.Gym equipment includes treadmills, ellipticals, a Peloton bike, a StairMaster, a rower, weight machines, cable machines, dumbbells, kettlebells, and benches."
Thompson Buckhead,"The small but well-equipped fitness center at Thompson Buckhead, one of Atlanta’s newest hotels, is open 24 hours a day, seven days a week.Gym equipment includes two different types of treadmills, elliptical machines, Peloton bikes, weight machines, cable machines, dumbbells, and kettlebells."
"The Ritz-Carlton, Atlanta","The Ritz-Carlton, Atlanta is located in downtown Atlanta and the spacious fitness center located on the fourth floor was recently renovated.Gym equipment includes Peloton bikes, treadmills, elliptical machines, a rower, weight machines, dumbbells, kettlebells, and benches."
Sindhorn Kempinski Hotel Bangkok,"The fitness center at the Sindhorn Kempinski Hotel Bangkok is open from 6 am to 10 pm Monday-Friday and 8 am to 8 pm Saturday and Sunday.Gym equipment includes treadmills, ellipticals, bikes, weight machines, dumbbells, barbells, kettlebells, benches, a squat rack, boxing equipment, and a turf area."
Kimpton Maa-Lai Bangkok,"The fitness center at the Kimpton Maa-Lai Bangkok is open daily from 6 am to 10 pm.Gym equipment includes treadmills, ellipticals, bikes, a rower, weight machines, dumbbells, barbells, kettlebells, benches, and a squat rack."
The Siam Hotel,"The spacious and well-equipped fitness center at The Siam Hotel is open 24 hours a day, 7 days a week.Gym equipment includes treadmills, ellipticals, bikes, weight machines, dumbbells, benches, and a Muay Thai training area."
The Peninsula Bangkok,"The fitness center at The Peninsula Bangkok is open 24 hours a day, 7 days a week.Gym equipment includes treadmills, ellipticals, bikes, weight machines, kettlebells, dumbbells, and benches.Stay updated on the latest in Bangkok before you book your trip."
Novotel Bangkok on Siam Square,"The fitness center at the Novotel Bangkok on Siam Square is located on the fourth floor and is open daily from 6 am to 10 pm.Gym equipment includes treadmills, ellipticals, bikes, weight machines, dumbbells, barbells, and benches."
Amari Watergate Bangkok,"FIT Centre at the Amari Watergate Bangkok is a spacious fitness center that’s open from 6 a.m. to 10 p.m.The gym is loaded with free weights, including barbells and heavy dumbbells, as well as benches, cable machines, weight machines, and cardio machines. There are also group classes in yoga and boxing."
"The Standard, Bangkok Mahanakhon","The fitness center at The Standard, Bangkok Mahanakhon is open 24 hours a day, 7 days a week.Gym equipment includes treadmills, ellipticals, Peloton bikes, a rower, weight machines, dumbbells, barbells, benches, and a squat rack.Class and gym memberships are available."
Hutton Hotel,"The state-of-the-art fitness center at Hutton Hotel is open 24/7.Gym equipment includes treadmills, elliptical machines, Peloton bikes, dumbbells, kettlebells, TRX training straps, and foam rollers."
Omni Nashville Hotel,"The 5,500-square-foot fitness center at Omni Nashville Hotel is open 24/7.Gym equipment includes treadmills, ellipticals, stationary bikes, free weights, benches, a rower, and a leg press."
Nashville Marriott at Vanderbilt University,"The 2,000-square-foot fitness center at the Nashville Marriott at Vanderbilt University is open 24 hours a day and offers views of Vanderbilt Stadium.Gym equipment includes treadmills, elliptical machines, a rower, weight machines, cable machines, dumbbells, kettlebells, and benches."
Moxy Nashville Downtown,"The state-of-the-art fitness center at the Moxy Nashville Downtown is open 24/7 and well-equipped with a wide variety of equipment.Gym equipment includes treadmills, ellipticals, a stationary bike, a cable machine, dumbbells, barbells, benches, pull-up bars, TRX training straps, battle ropes, and a boxing bag."
Cambria Nashville Downtown Hotel,"The fitness center at the Cambria Nashville Downtown Hotel is open 24 hours a day, 7 days a week.Equipment includes treadmills, ellipticals, slam balls, suspension trainers, battle ropes, dumbbells, kettlebells, and pull-up bars."
Gaylord Opryland Resort and Convention Center,"The 3,500-square-foot fitness center at Gaylord Opryland Resort and Convention Center is open 24 hours a day, 7 days a week.Gym equipment includes treadmills, ellipticals, weight machines, cable machines, dumbbells, barbells, and benches."
W Nashville,"The fitness center at the W Nashville is open 24 hours a day, 7 days a week.Gym equipment includes treadmills, elliptical machines, Peloton bikes, a rower, a StairMaster, weight machines, dumbbells, kettlebells, gymnastics rings, and boxing equipment.If hotel gyms aren’t your thing, consider some of these gym memberships that are good for traveling."
Boston Park Plaza,"The 20,000-square-foot Lynx Fitness Club is located at the Boston Park Plaza and is open to guests of the hotel.The gym features treadmills, ellipticals, stationary bikes (including Peloton bikes), Concept2 rowing machines, Assault bikes, a SkiErg, weight machines, dumbbells, barbells, kettlebells, benches, gymnastics rings, and a turf area with a Rogue sled.For those looking for group fitness, Lynx offers 55+ group classes per week including Yoga, HIIT, Barre, Tabata, Bootcamp, Boxing, and Treadmill Training. Gym memberships are available."
Omni Parker House,"The fitness center at Omni Parker House is open 24/7.Gym equipment includes weight machines, ellipticals, stationary bikes (including Peloton), a StairMaster, treadmills, dumbbells, kettlebells, and benches."
Boston Harbor Hotel,"The fitness center at Boston Harbor Hotel is open Monday to Friday, 5:30 a.m. to 9:00 p.m., Saturday, 7:00 a.m. to 9:00 p.m., and on Sunday from 7:00 a.m. to 8:00 p.m.Gym equipment includes treadmills, ellipticals, a StairMaster, weight machines, dumbbells, and benches."
InterContinental Boston,"SPA InterContinental Boston is over 6,000 square feet and its fitness center is open 24/7.The gym equipment includes treadmills, ellipticals, stationary bikes, dumbbells, barbells, kettlebells, a rowing machine, weight machines, and Rogue boxes."
Hyatt Regency Boston,"Hyatt Regency Boston’s StayFit Gym is a modern fitness center that offers treadmills, stationary bikes, elliptical machines, rowing machines, weight machines, dumbbells, kettlebells, and battle ropes.If you prefer running or biking outside, the concierge will provide you with maps of local running and biking paths."
Four Seasons Hotel Boston,"The newly-renovated fitness center at the Four Seasons Hotel in downtown Boston is open 24 hours and is equipped with treadmills, stationary bikes, elliptical trainers, TRX straps, dumbbells, benches, barbells, weight machines, and kettlebells.The Four Seasons Hotel Boston has also partnered with performance lifestyle brand TB12, co-founded by Tom Brady, to add a football-inspired turf area for functional training and a team of personal trainers from Brady’s company."
"The Westin Copley Place, Boston","The spacious fitness studio at The Westin Copley Place, Boston is open 24 hours a day and features treadmills, ellipticals, stationary bikes (including Peloton bikes), weight machines, dumbbells, kettlebells, TRX, benches, a cable machine with pull-up bars, boot camp classes."
Residence Inn Boston Cambridge,"The fitness center at the Residence Inn Boston Cambridge is open 24 hours a day, 7 days a week.Gym equipment includes treadmills, Peloton bikes, a StairMaster, dumbbells, kettlebells, and benches."
JW Marriott Austin,"The fitness center at the JW Marriott Austin is open 24 hours a day, 7 days a week.Equipment in the JW Marriott Austin fitness center includes treadmills, spin bikes, ellipticals, dumbbells (up to 50 pounds), kettlebells, barbells, benches, weight machines, and a power rack."
The Westin Austin Downtown,"The WestinWORKOUT Fitness Studio at The Westin Austin Downtown is open 24 hours a day, 7 days a week.Equipment includes cardio machines, weight machines, dumbbells, kettlebells, TRX straps and medicine balls, and a Peloton bike.Refuel post-workout with a power snack and vitamin-filled juice or enjoy a rooftop yoga class."
W Austin,"The 3,600 square-foot FIT gym at the W Austin is open 24 hours a day, 7 days a week.Equipment includes treadmills, ellipticals, an air bike, a StairMaster, weight machines, barbells, dumbbells, kettlebells, a squat rack, and Peloton bikes."
Omni Barton Creek Resort and Spa,"The 11,000-square-foot  fitness center at the Omni Barton Creek Resort and Spa is open from 5 am to 9:30 pm Monday through Friday and 6 am to 9 pm on Saturday and Sunday.Equipment includes treadmills, Peloton bikes, weight machines, dumbbells, kettlebells, barbells, benches, a squat rack, and a turf area."
The Westin Austin at The Domain,"The WestinWORKOUT Fitness Studio at The Westin Austin at The Domain is open 24 hours a day, 7 days a week.Equipment includes treadmills, ellipticals, Peloton bikes, weight machines, a cable machine with pull-up bars, dumbbells, and benches."
Four Seasons Hotel Austin,"The fitness center at the Four Seasons Hotel Austin is open 24 hours a day, 7 days a week.Gym equipment includes treadmills, ellipticals, Peloton bikes, a rower, a StairMaster, weight machines, dumbbells, kettlebells, and benches."
Austin Proper Hotel,"The 2,000+-square-foot fitness center at the Austin Proper Hotel is open 24 hours a day, 7 days a week.Equipment includes treadmills, ellipticals, rowers, Peloton bikes, a StairMaster, cable machines, dumbbells, barbells, kettlebells, benches, and a squat rack."
Fairmont Austin,"The 2,800-square-foot fitness center at the Fairmont Austin is located on the sixth floor and features floor-to-ceiling windows.Gym equipment includes treadmills, ellipticals, Peloton bikes, a StairMaster, weight machines, cable machines, dumbbells, barbells, a squat rack, and benches.If hotel gyms aren’t for you, consider gym memberships like Planet Fitness, Anytime Fitness, or LA Fitness. Each gym chain offers membership perks that include access to any of its many locations."
Manchester Grand Hyatt San Diego,"The StayFit Fitness Center at the Manchester Grand Hyatt San Diego is open 24 hours a day, 7 days a week, and offers waterfront views through the gym’s floor-to-ceiling windowsGym equipment includes treadmills, ellipticals, Peloton bikes, a StairMaster, a rower, weight machines, dumbbells, barbells, and benches."
"Hotel del Coronado, Curio Collection by Hilton","The fitness center at Hotel del Coronado, Curio Collection by Hilton is open 24 hours a day, 7 days a week.Gym equipment includes Air Runner treadmills, Peloton bikes, rowers, dumbbells, barbells, squat racks, benches, and boxing equipment."
Sheraton San Diego Hotel and Marina,"The recently updated fitness center at the Sheraton San Diego Hotel and Marina is open 24 hours a day, 7 days a week.Gym equipment includes treadmills, ellipticals, Peloton bikes, weight machines, dumbbells, kettlebells, and benches."
Marriott Marquis San Diego Marina,"The fitness center at the Marriott Marquis San Diego Marina is open 24/7.Equipment includes more than 40 cardio machines (including 3 Peloton bikes), free weights (including dumbbells and kettlebells), a Smith machine, a rowing machine, weight machines, TRX, battle ropes, and a stretching area.There are also fitness classes led by certified trainers available in yoga, spinning, and Zumba, and fitness-on-demand virtual classes available 24/7 on a 120-inch screen."
Omni San Diego Hotel,"The state-of-the-art fitness center at the Omni San Diego Hotel is open 24 hours a day, 7 days a week.Gym equipment includes treadmills, ellipticals, Peloton bikes, StairMasters, weight machines, benches, and dumbbells."
The Alexis Royal Sonesta Hotel,"The fitness center at The Alexis Royal Sonesta Hotel is a functional fitness enthusiast’s paradise.Gym equipment includes treadmills, a Peloton bike, an Assault Air Bike, a rowing machine, dumbbells, kettlebells, rings, monkey bars, a pull-up bar, and a rock climbing wall."
Sheraton Grand Seattle,"The fitness center at the Sheraton Grand Seattle is open 24 hours a day, seven days a week.Gym equipment includes treadmills, ellipticals, bikes, weight machines, dumbbells, and benches."
Renaissance Seattle Hotel,"The fitness center at the Renaissance Seattle Hotel is open 24 hours a day, seven days a week.Gym equipment includes treadmills, ellipticals, spin bikes, weight machines, a cable machine, dumbbells, and a pull-up bar."
Residence Inn Seattle Sea-Tac Airport,"The fitness center at the Residence Inn Seattle Sea-Tac Airport is open 24 hours a day, seven days a week.Gym equipment includes treadmills, ellipticals, weight machines, dumbbells, cable machines, a pull-up bar, benches, resistance bands, medicine balls, and mats."
Four Seasons Hotel Seattle,"The fitness center at the Four Seasons Hotel Seattle is open 24 hours a day, seven days a week.Gym equipment includes treadmills, ellipticals, Peloton bikes, weight machines, dumbbells, kettlebells, benches, cable machines, and a pull-up bar."
DoubleTree Suites by Hilton Hotel Seattle Airport,"The fitness center at DoubleTree Suites by Hilton Hotel Seattle Airport is open 24 hours a day, seven days a week.Gym equipment includes treadmills, ellipticals, a spin bike, a Concept 2 rower, an Assault AirRunner, dumbbells, and benches."
Grand Hyatt Seattle,"The 3,800-square-foot StayFit fitness center at the Grand Hyatt Seattle is open 24 hours a day, seven days a week.Gym equipment includes treadmills, ellipticals, Peloton bikes, weight machines, dumbbells, barbells, benches, stability balls, medicine balls, and jump ropes."
Hyatt Regency Seattle,"The StayFit gym at the Hyatt Regency Seattle is open 24 hours a day, seven days a week.Gym equipment includes treadmills, ellipticals, Peloton bikes, weight machines, a rowing machine, cable machines, pull-up bars, a Smith machine, dumbbells, kettlebells, and benches."
Hyatt at Olive 8,"The spacious StayFit gym at Hyatt at Olive 8 is open 24 hours a day, seven days a weekGym equipment includes treadmills, ellipticals, Peloton bikes, weight machines, dumbbells, barbells, benches, a cable machine, and a pull-up bar."
Omni Houston Hotel,"The fitness center at the Omni Houston Hotel is open 24 hours a day, seven days a week.Gym equipment includes weight machines, barbells, benches, dumbbells, kettlebells, and cardio machines, including a Peloton bike and Concept2 rower."
JW Marriott Houston by the Galleria,"The fitness center at the JW Marriott Houston by the Galleria is open 24 hours a day, seven days a week.The gym is equipped with cardio machines, weight machines, dumbbells, barbells, benches, and a squat rack."
Marriott Marquis Houston,"The fitness center at the Marriott Marquis Houston is open 24 hours a day, seven days a week.Gym equipment includes treadmills, stationary bikes, a StairMaster, weight machines, kettlebells, dumbbells, a cable machine, a Smith machine, and a leg press."
The Houstonian Hotel,"The Houstonian Hotel has been a pioneer in the hotel gym world, opening its 125,000-square-foot Health Club back in 1980.Guests can enjoy access to 300-plus cardio and strength machines, a staff of exercise and nutrition specialists, indoor running tracks, tennis and racquetball courts, a pool, a yoga studio, and studios for classes."
Houston Airport Marriott at George Bush Intercontinental,"We consider it important to include hotels that are close to area airports, so here you have the fitness center at the Houston Airport Marriott at George Bush Intercontinental.The fitness center is open 24 hours a day, seven days a week, and features a wide range of cardio machines and weight machines, as well as free weights."
Hyatt Regency Houston/Galleria,"The StayFit Gym at the Hyatt Regency Houston/Galleria is open 24 hours a day, seven days a week.Gym equipment includes treadmills, ellipticals, stationary bikes, cable machines, dumbbells, and benches."
Hilton Americas-Houston Hotel,"The fitness center in the Skyline Spa and Health Club at the Hilton Americas-Houston Hotel is open 24/7 and features cardio machines, weight machines, benches, dumbbells (including heavy ones), a cable machine, and a pull-up bar."
Holiday Inn Express & Suites Houston Westchase - Westheimer,"The fitness center at the Holiday Inn Express & Suites Houston Westchase - Westheimer offers a perfect place for functional fitness enthusiasts and CrossFitters to get in a workout on the go.The gym has the typical cardio machines you’d expect in a hotel gym, plus an Assault bike, dumbbells, a Concept2 rower, Plyosoft boxes, a sled, a tire, and a turf area."
Wyndham Grand Orlando Resort Bonnet Creek,"The spacious fitness center at the Wyndham Grand Orlando Resort Bonnet Creek is open 24 hours a day, seven days a week.Gym equipment includes treadmills, ellipticals, stationary bikes, weight machines, a cable machine, a pull-up bar, dumbbells, and benches.Note: The Wyndham has a $32 a day resort fee."
Universal’s Cabana Bay Beach Resort,"The Jack LaLanne Physical Fitness Studio at Universal’s Cabana Bay Beach Resort is one of the most unique hotel fitness centers you’ll find anywhere.Open from 5 AM until midnight, this spacious gym features tributes to the fitness pioneer and treadmills, ellipticals, stationary bikes, dumbbells, barbells, benches, a cable machine, and a pull-up bar."
Hilton Orlando,"The 4,000-square-foot fitness center at the Hilton Orlando is open 24 hours a day, seven days a week.Gym equipment includes treadmills, stationary bikes, ellipticals, dumbbells, benches, a Smith machine, cable machines, and a pull-up bar."
Orlando World Center Marriott,"The fitness center at the Orlando World Center Marriott is open 24/7.Gym equipment includes treadmills, ellipticals, stationary bikes, dumbbells, barbells, benches, a Smith machine, a pull-up bar, and a cable machine."
Loews Sapphire Falls Resort at Universal Orlando,"The Kalina Fitness Center at the Loews Sapphire Falls Resort at Universal Orlando is spacious and well-equipped.Gym equipment includes treadmills, ellipticals, stationary bikes, a StairMaster, weight machines, a Smith machine, a cable machine, dumbbells, and benches."
Waldorf Astoria Orlando,"The 4,000-square-foot fitness center at the Waldorf Astoria Orlando is open 24/7.Gym equipment includes treadmills, ellipticals, stationary bikes, a rower, weight machines, benches, dumbbells, a cable machine, and a pull-up bar."
The Florida Hotel & Conference Center,"The spacious fitness center at The Florida Hotel & Conference Center is open 24 hours a day, 7 days a week.Gym equipment includes treadmills, ellipticals, Peloton bikes, rowers, dumbbells, benches, cable machines, and weight machines."
Four Seasons Resort Orlando at Walt Disney World Resort,"The beautifully-designed and spacious fitness center at the Four Seasons Resort Orlando at Walt Disney World Resort is open 24 hours a day, 7 days a week.Gym equipment includes treadmills, ellipticals, stationary bikes, rowers, a stair climber, weight machines, a cable machine, a pull-up bar, dumbbells, kettlebells, resistance bands, and benches.Complimentary fitness apparel and athletic shoes are available for use during your stay."
Disney’s Animal Kingdom Lodge,"The Zahanati Massage & Fitness Center at Disney’s Animal Kingdom Lodge is the best gym in a Disney resort and is open 24 hours a day, seven days a week.Gym equipment includes treadmills, ellipticals, stationary bikes, dumbbells, barbells, benches, and a Smith machine."
AC Hotel Charlotte City Center,"The fitness center at the AC Hotel Charlotte City Center is open 24 hours a day, seven days a week and features treadmills, ellipticals, a stairmaster, a stationary bike, weight machines, a cable machine with pull-up bars, benches, and dumbbells.There’s also floor-to-ceiling windows with beautiful views of Charlotte and a fitness patio for some outdoor stretching or yoga."
Hilton Charlotte Center City,"Guests of the Hilton Charlotte Center City have complimentary access to the attached Childress Klein YMCA Health Club and its swimming pool, basketball courts, barbells, dumbbells, kettlebells, cardio machines, weight machines, cycle studio, functional fitness rig, battle ropes, Assault Bike, and much more."
Omni Charlotte Hotel,"Guests of the Omni Charlotte Hotel receive complimentary access to the 36,000 square foot Charlotte Athletic Club that’s connected to the hotel. The health club features a wide range of cardio machines, weight machines, free weights, functional fitness equipment, a cycling studio, a yoga and Pilates studio, a basketball court, a steam room, and a sauna."
The Ivey’s Hotel,"The fitness center at The Ivey’s Hotel is open 24 hours a day, seven days a week and features treadmills, a Smith machine, a cable machine with a pull-up bar, various weight machines,  benches, dumbbells, medicine balls, and resistance bands."
Charlotte Marriott City Center,"The fitness center at the Charlotte Marriott City Center is open 24 hours a day, seven days a week and features treadmills, ellipticals, a stairmaster, weight machines, cable machines, pull-up bars, battle ropes, TRX suspension trainer, dumbbells, kettlebells, benches, and multiple interactive classes offered in a studio with a video wall."
"The Ballantyne, a Luxury Collection Hotel, Charlotte","The fitness center at the The Ballantyne, a Luxury Collection Hotel, Charlotte is 24 hours a day, seven days a week and features treadmills, ellipticals, stationary bikes, medicine balls, resistance bands, a punching bag, kettlebells, dumbbells, barbells, weight machines, and benches.Cover photo by Kimpton Tryon Park Hotel."
"The Ballantyne, a Luxury Collection Hotel, Charlotte","The fitness center at the The Ballantyne, a Luxury Collection Hotel, Charlotte is 24 hours a day, seven days a week and features treadmills, ellipticals, stationary bikes, medicine balls, resistance bands, a punching bag, kettlebells, dumbbells, barbells, weight machines, and benches.Cover photo by Kimpton Tryon Park Hotel."
Philadelphia Airport Marriott,"The fitness center at the Philadelphia Airport Marriott is open 24 hours a day, seven days a week and features cardio machines, weight machines, a stairmaster, a cable machine with a pull-up bar, benches, and dumbbells."
Philadelphia Marriott Downtown,"The spacious fitness center at the Philadelphia Marriott Downtown is open 24 hours a day and features treadmills, ellipticals, stationary bikes, a stairmaster, weight machines, a cable machine with a pull-up bar, benches, dumbbells, medicine balls, and mats for stretching."
Club Quarters Hotel,"At the Club Quarters Hotel, you’ll find a gym stocked with cardio equipment and free weights, including a Peloton bike. You’ll also find a yoga mat and resistance bands in each room if you don’t feel like hitting the gym but still want to get a workout in."
Residence Inn Philadelphia Center City,"The fitness center at the Residence Inn Philadelphia Center City features treadmills, ellipticals, stationary bikes, benches, dumbbells (including heavy ones), and weight machines."
Sheraton Suites Philadelphia Airport,"The fitness center at the Sheraton Suites Philadelphia Airport is open 24 hours a day and features treadmills, stationary bikes, ellipticals, a cable machine with a pull-up bar, benches, dumbbells, stability balls, and mats."
Loews Philadelphia Hotel,"This is a weightlifter’s hotel gym. The 2,000 square-foot fitness center at Loews Philadelphia Hotel features dumbbells, barbells, kettlebells, benches, a boxing bag, treadmills, ellipticals, and stationary bikes, including two Peloton bikes. The gym’s hours are 5am to 9:30pm."
The Westin Denver Downtown,"The WestinWORKOUT Studio at The Westin Denver Downtown is open from 5 am to 11 pm.Gym equipment includes treadmills, ellipticals, Peloton bikes, a rowing machine, dumbbells, benches, cable machines, a pull-up bar, and a TRX Training Zone with kettlebells, medicine balls, and suspension trainers."
Sheraton Denver Downtown Hotel,"The spacious fitness center at the Sheraton Denver Downtown Hotel is open 24 hours a day.Equipment includes treadmills, ellipticals, Peloton bikes, weight machines, dumbbells, barbells, and benches.This is a weightlifter’s hotel gym."
The Westin Denver International Airport,"The 1,800- square-foot WestinWORKOUT Studio at The Westin Denver International Airport is open 24 hours a day.This gym features treadmills, ellipticals, stationary bikes, weight machines, free weights, and views of the airport through floor-to-ceiling windows."
Hyatt Regency Denver at Colorado Convention Center,"The 6,700-square-foot StayFit gym at the Hyatt Regency Denver at Colorado Convention Center is open 24 hours a dayEquipment includes treadmills, ellipticals, Peloton bikes, weight machines, cable machines, a pull-up bar, dumbbells, barbells, and benches."
The Curtis Hotel Denver by DoubleTree Hilton,"The nicely-decorated fitness center at The Curtis Hotel Denver by DoubleTree Hilton is open 24 hours a day.Gym equipment includes treadmills, ellipticals, stationary bikes, a cable machine with a pull-up bar, dumbbells, kettlebells, and benches."
"The Ritz-Carlton, Denver","The 2,229-square-foot fitness center at The Ritz-Carlton, Denver is open 24 hours a day.Gym equipment includes treadmills, Peloton bikes, a lululemon Studio Mirror, weight machines, cable machines, dumbbells, kettlebells, and benches.If the hotel gym is not up to your standard, guests can use the TruFit Athletic Club adjacent to the hotel. Additional fees may apply."
Hyatt Regency Denver Tech Center,"The newly-renovated StayFit Fitness Center at the Hyatt Regency Denver Tech Center is open 24 hours a dayGym equipment includes treadmills, ellipticals, stationary bikes, free weights, dip bars, pull-up bars, battle ropes, and kettlebells."
Tru by Hilton Denver Downtown Convention Center,"The fitness center at Tru by Hilton Denver Downtown Convention Center is small but well-equipped.Gym equipment includes treadmills, Peloton bikes, dumbbells, kettlebells, TRX, a cable machine, and benches."
"Hotel Ivy, a Luxury Collection Hotel, Minneapolis","The 5,000-square-foot Anda Spa Fitness Center and Studios at Hotel Ivy, a Luxury Collection Hotel, Minneapolis is open 24 hours a dayGym equipment includes treadmills, Peloton bikes, Concept2 rowers, SkiErgs, dumbbells, barbells, squat racks, deadlift platforms, and Rogue benches."
The Westin Minneapolis,"The WestinWORKOUT Fitness Studio at The Westin Minneapolis is open 24 hours a day.Gym equipment includes treadmills, ellipticals, stationary bikes, dumbbells, benches, a cable machine, TRX, yoga balls, and mats."
"Hotel Emery, Autograph Collection","The fitness center at the Hotel Emery, Autograph Collection by Marriott is open 24 hours a day.The gym equipment includes treadmills, ellipticals, Peloton bikes, weight machines, a Smith machine, dumbbells, and benches."
Hilton Minneapolis,"The fitness center at the Hilton Minneapolis is open 24 hours a day.Gym equipment includes treadmills, ellipticals, Peloton bikes, a rower, a cable machine, dumbbells, kettlebells, and benches."
W Minneapolis - The Foshay,"The fitness center at the W Minneapolis - The Foshay is open 24 hours a dayGym equipment includes treadmills, ellipticals, a stationary bike, a cable machine with a pull-up bar, dumbbells, benches, a boxing area with a heavy bag and speed bag, and complimentary yoga classes."
Minneapolis Marriott City Center,"The fitness center at the Minneapolis Marriott City Center is open 24/7.Gym equipment includes treadmills, ellipticals, weight machines, a cable machine with pull-up bars, dumbbells, and benches."
Embassy Suites by Hilton Minneapolis Downtown Hotel,"The 2,000-square-foot fitness center at the Embassy Suites by Hilton Minneapolis Downtown Hotel features treadmills, ellipticals, stationary bikes, a Smith machine, monkey bars, pull-up bars, dumbbells, benches, and resistance bands."
Embassy Suites by Hilton Minneapolis Downtown Hotel,"The 2,000-square-foot fitness center at the Embassy Suites by Hilton Minneapolis Downtown Hotel features treadmills, ellipticals, stationary bikes, a Smith machine, monkey bars, pull-up bars, dumbbells, benches, and resistance bands."
Hyatt Regency Minneapolis,"The 32,000-square-foot Stay Fit Athletic Club at the Hyatt Regency Minneapolis is open 24 hours a day and is one of the largest hotel gyms in the country.The gym features a large number of treadmills, ellipticals, and stationary bikes, plus Concept2 rowers, weight machines, dumbbells (including heavy ones), barbells, benches, a Smith machine, a cable machine, and much more.If you forget to pack workout clothes or running shoes, the Fitness Concierge at the hotel’s front desk will get you what you need."
Hyatt Centric Downtown Minneapolis,"The massive gym at the Hyatt Centric Downtown Minneapolis is open 24 hours a day, 7 days a week.Gym equipment includes treadmills, ellipticals, Peloton bikes, Assault air bikes, rowers, squat racks, cable machines, barbells, dumbbells, benches, and an elevated running track."
JW Marriott Minneapolis Mall of America,"The fitness center at the JW Marriott Minneapolis Mall of America is open 24 hours a day.Gym equipment includes treadmills, ellipticals, stationary bikes, a StairMaster, a Smith machine, dumbbells, kettlebells, and benches."
Le Méridien Dubai Hotel & Conference Centre,"Optimal Fitness by Natural Elements at Le Méridien Dubai Hotel & Conference Centre is open daily from 5:00 AM to 12:00 AM.The gym features treadmills, ellipticals, stationary bikes, rowing machines, weight machines, dumbbells, kettlebells, barbells, benches, and squat racks.There are also group classes in spinning, yoga, or kickboxing in a professional-style ring."
Jumeirah Beach Hotel,"The J Club at the Jumeirah Beach Hotel is not only one of the best hotel gyms in Dubai but one of the best in the world.Reopened in August 2019, the new J Club features a gym with cardio machines, weight machines, a functional fitness area, and a free weights area with dumbbells, kettlebells, barbells, benches, and squat racks.There are also three dedicated group exercise studios, a performance track, a lap pool, and tennis and squash courts."
Shangri-La Hotel Dubai,"The fitness center at the Shangri-La Hotel Dubai is open daily from 6:00 AM to midnight.Gym equipment includes treadmills, ellipticals, stationary bikes, rowing machines, weight machines, dumbbells, kettlebells, barbells, and benches."
"Sheraton Grand Hotel, Dubai","The fitness center at the Sheraton Grand Hotel, Dubai is open 24/7 and offers guests amazing views of Dubai from the 53rd floor.The gym features treadmills, ellipticals, stationary bikes, weight machines, dumbbells, barbells, kettlebells, benches, a cable machine, and a kinesis training system.Best properties for sale in Dubai city."
Millennium Airport Hotel Dubai,"The Millennium Airport Hotel Dubai is conveniently located a short distance from Dubai International Airport and has an incredible new gym that opened in 2019.The MPower Fitness Club features treadmills, ellipticals, stationary bikes, rowing machines, weight machines, dumbbells, barbells, benches, kettlebells, medicine balls, and TRX."
JW Marriott Marquis Hotel Dubai,"The Club Marquis fitness center at the JW Marriott Marquis Hotel Dubai is open 24/7 to hotel guests and has fantastic views through floor-to-ceiling windows.The spacious gym features treadmills, ellipticals, stationary bikes, weight machines, dumbbells, barbells, and benches."
"Mandarin Oriental Jumeira, Dubai","The 4,000-square-foot fitness center at the Mandarin Oriental Jumeira, Dubai is open from 6 am to 10 pm daily.The gym is equipped with treadmills, ellipticals, stationary bikes, weight machines, dumbbells, barbells, benches, and a squat rack."
The Hilton Hotel Dubai Al Habtoor City,"The fitness studio at The Hilton Hotel Dubai Al Habtoor City is open 24/7.The gym features treadmills, ellipticals, stationary bikes, weight machines, dumbbells, kettlebells, barbells, benches, a squat rack, gymnastic rings, a punching bag, and a dedicated yoga studio.See also: The Best Hotel Gyms in Las Vegas"
"The Ritz-Carlton, Toronto","The fitness center at The Ritz-Carlton, Toronto is open 24 hours a day and features an extensive selection of state-of-the-art fitness equipment.Gym equipment includes treadmills, ellipticals, stationary bikes (including a Peloton bike), a Concept2 rowing machine, a Smith machine, weight machines, dumbbells, and benches."
Four Seasons Hotel Toronto,"The 3,500-square-foot fitness center at the Four Seasons Hotel Toronto is open 24 hours a day, 7 days a week.Gym equipment includes treadmills, ellipticals, stationary bikes, a rowing machine, weight machines, a Smith machine, cable machine, TRX, dumbbells, and benches."
The Westin Toronto Airport,"The WestinWORKOUT® Fitness Studio at The Westin Toronto Airport is open 24 hours a day, 7 days a week.Gym equipment includes treadmills, ellipticals, stationary bikes (including a Peloton bike), weight machines, a cable machine, dumbbells, kettlebells, TRX, and benches."
Park Hyatt Toronto,"The fitness center at the Park Hyatt Toronto is located on the 5th floor of the south tower and is open 24/7.Gym equipment includes treadmills, ellipticals, Peloton bikes, a rower, weight machines, a Smith machine, dumbbells, and benches."
The Omni King Edward Hotel,"The state-of-the-art fitness center at The Omni King Edward Hotel in downtown Toronto is open 24 hours a day, 7 days a week.The gym features treadmills, ellipticals, stationary bikes, a rowing machine, weight machines, a Smith machine, a cable machine, dumbbells, benches, and medicine balls."
The St. Regis Toronto,"The fitness center at The St. Regis Toronto is open from 05:00 AM to 10:00 PM and features treadmills, ellipticals, Peloton bikes, weight machines, a cable machine, dumbbells, benches, and a movement studio for yoga and Pilates."
Shangri La Hotel Toronto,"The spacious fitness center at the Shangri La Hotel Toronto is open 24 hours a day and features treadmills, ellipticals, stationary bikes, a Concept2 rowing machine, weight machines, a Smith machine, a cable machine, dumbbells, barbells, benches, and a yoga studio."
Sheraton Gateway Hotel in Toronto International Airport,"The fitness center at the Sheraton Gateway Hotel in Toronto International Airport is open 24 hours a day and features treadmills, ellipticals, a stationary bike, weight machines, dumbbells, medicine balls, foam rollers, stability balls, and benches.See also: Hotels with Peloton Bikes"
Carlton Hotel Singapore,"The beautiful gym at Carlton Hotel Singapore offers cardio machines and an outstanding selection of free weights, including barbells and dumbbells, to go along with open space for yoga and stretching.The gym is open daily from 7 am to 7 pm and you can take a virtual tour here."
The Westin Singapore,"The WestinWORKOUT® Fitness Studio at The Westin Singapore is open 24 hours a day, 7 days a week and features treadmills, ellipticals, stationary bikes, weight machines, benches, and a small selection of dumbbells."
JW Marriott Hotel Singapore South Beach,"The fitness center at the JW Marriott Hotel Singapore South Beach is another one that offers fantastic views of Singapore through floor-to-ceiling windows.The gym features treadmills, ellipticals, stationary bikes, dumbbells, benches, a Smith machine, and various weight machines."
Shangri-La Singapore,"The Health Club Gymnasium at the Shangri-La Singapore is open daily from 6am to 10pm and features treadmills, ellipticals, stationary bikes, a rowing machine, weight machines, dumbbells, and benches."
Hilton Singapore,"The fitness center at the Hilton Singapore is open 24 hours a day, 7 days a week.Gym equipment includes treadmills, ellipticals, stationary bikes, a rowing machine, weight machines, a Smith machine, dumbbells, barbells, benches, a power rack, and gymnastic rings."
"The Ritz-Carlton, Millenia Singapore","The fitness center at The Ritz-Carlton, Millenia Singapore is open 24 hours a day, 7 days a week.Gym equipment includes treadmills, ellipticals, stationary bikes, a rowing machine, weight machines, cable machines, TRX, battle ropes, dumbbells, barbells, benches, and boxing equipment."
One Farrer Hotel,"The gym at One Farrer Hotel Singapore is open 24 hours a day, 7 days a week.The gym is equipped with treadmills, ellipticals, stationary bikes, weight machines, cable machines, a Smith machine, dumbbells, barbells, and benches."
The Westin Anaheim Resort,"The Westin WORKOUT Studio at The Westin Anaheim Resort is open 24 hours a day, 7 days a week.Gym equipment includes treadmills, ellipticals, StairMasters, Peloton bikes, weight machines, cable machines, pull-up bars, dumbbells, kettlebells, a plate-loaded leg press, a Smith machine, and a rower."
Anaheim Marriott,"The fitness center at the Anaheim Marriott is open 24 hours a day, 7 days a week.Equipment includes treadmills, ellipticals, Peloton bikes, a StairMaster, a WaterRower, weight machines, cable machines, a Smith machine, dumbbells, and kettlebells."
Hilton Anaheim,"The 25,000-square-foot health club at Hilton Anaheim is open daily from 5 am to 10 pm.Gym equipment includes treadmills, ellipticals, rowers, weight machines, cable machines, barbells, dumbbells, kettlebells, and benches."
"JW Marriott, Anaheim Resort","The fitness center at the JW Marriott, Anaheim Resort is open 24 hours a day, 7 days a week.Gym equipment includes treadmills, ellipticals, Peloton bikes, a rower, a Tonal home gym, weight machines, dumbbells, kettlebells, benches, and a yoga studio.Take a virtual tour of the gym here."
Hyatt Regency Orange County,"The StayFit Fitness Center at Hyatt Regency Orange County is open 24 hours a day, 7 days a week.Gym equipment includes treadmills, ellipticals, stationary bikes, weight machines, barbells, dumbbells, and benches."
Courtyard by Marriott Anaheim Theme Park Entrance,"The 1,100-square-foot fitness center at the Courtyard by Marriott Anaheim Theme Park Entrance is open 24 hours a day, 7 days a week.Gym equipment includes treadmills, ellipticals, weight machines, cable machines, dumbbells, and benches."
Sheraton Park Hotel at the Anaheim Resort,"The gym at Sheraton Fitness at Sheraton Park Hotel at the Anaheim Resort features treadmills, ellipticals, weight machines, cable machines, dumbbells, and benches."
Hampton Inn & Suites by Hilton Anaheim Garden Grove,"The fitness center at Hampton Inn & Suites by Hilton Anaheim Garden Grove is open 24 hours a day, 7 days a week.Gym equipment includes treadmills, ellipticals, a Peloton bike, a cable machine, dumbbells, and benches."
Hampton Inn & Suites by Hilton Anaheim Garden Grove,"The fitness center at Hampton Inn & Suites by Hilton Anaheim Garden Grove is open 24 hours a day, 7 days a week.Gym equipment includes treadmills, ellipticals, a Peloton bike, a cable machine, dumbbells, and benches."
Grand Californian Hotel,"The fitness center at the Grand Californian Hotel at Disneyland is open 24 hours a day, 7 days a week.Gym equipment includes treadmills, ellipticals, Peloton bikes, a rower, weight machines, cable machines, dumbbells, kettlebells, and benches."
Courtyard by Marriott Anaheim Resort/Convention Center,"The fitness center at Courtyard by Marriott Anaheim Resort/Convention Center is open 24 hours a day, 7 days a week.Gym equipment includes treadmills, ellipticals, a cable machine, dumbbells, kettlebells, and benches.Read more: Hotel Gym Workouts"
Viceroy Los Cabos,"The Los Cabos Fitness Center at Viceroy Los Cabos is open daily from 6 am to 9 pm.The gym is equipped with treadmills, ellipticals, spin bikes, a Stairmaster, a rower, weight machines, cable machines, dumbbells, barbells, kettlebells, a squat rack, battle ropes, and a turf area with a sled."
The St. Regis Mexico City,"The Athletic Club at The St. Regis Mexico City is open daily from 6 am to 9 pm.Gym equipment includes treadmills, ellipticals, bikes, rowers, weight machines, cable machines, dumbbells, barbells, kettlebells, and boxing equipment."
"The Ritz-Carlton, Mexico City","The fitness center at The Ritz-Carlton, Mexico City features floor-to-ceiling windows that offer views of the city.Gym equipment includes treadmills, ellipticals, bikes, a rower, a Stairmaster, weight machines, cable machines, dumbbells, barbells, kettlebells, and a squat rack."
Hilton Mexico City Reforma,"The fitness center at the Hilton Mexico City Reforma features treadmills, ellipticals, bikes, weight machines, cable machines, dumbbells, and barbells."
Sandos Playacar Beach Resort,"The fitness center at Sandos Playacar Beach Resort in Playa del Carmen is open daily from 8 am to 5 pm.The gym is equipped with treadmills, ellipticals, a rower, weight machines, cable machines, a Smith Machine, gymnastic rings, dumbbells, barbells, and a squat rack."
JW Marriott Phoenix Desert Ridge Resort & Spa,"The Revive Spa Fitness Center at JW Marriott Phoenix Desert Ridge Resort & Spa is open daily from 5 am to 8 pm.Gym equipment includes treadmills, ellipticals, Peloton bikes, a rower, a Smith machine, cable machines, weight machines, dumbbells, barbells, and kettlebells."
Sheraton Phoenix Downtown,"The 3,200-square-foot fitness center at the Sheraton Phoenix Downtown is open 24 hours a day, 7 days a week.Gym equipment includes treadmills, ellipticals, stationary bikes, weight machines, dumbbells, kettlebells, barbells, a squat rack, pull-up bars, and boxing equipment."
The Westin Tempe,"The fitness center at The Westin Tempe is open 24 hours a day, 7 days a week.Gym equipment includes treadmills, ellipticals, a Peloton bike, weight machines, a cable machine, dumbbells, and kettlebells."
Hyatt Regency Phoenix,"The fitness center at Hyatt Regency Phoenix is open 24 hours a day, 7 days a week.Gym equipment includes treadmills, ellipticals, Peloton bikes, weight machines, pull-up bars, TRX, dumbbells, barbells, and kettlebells."
Moxy Phoenix Tempe/ASU Area,"The small but decently-equipped fitness center at Moxy Phoenix Tempe/ASU Area is open daily from 6 am to 10 pm.Gym equipment includes treadmills, ellipticals, a stationary bike, battle ropes, dumbbells, a barbell, and a squat rack."
Marriott Phoenix Chandler,"The fitness center at the Marriott Phoenix Chandler is open 24 hours a day, 7 days a week.Gym equipment includes treadmills, ellipticals, Peloton bikes, a StairMaster, a cable machine, dumbbells, and kettlebells."
Renaissance Phoenix Downtown Hotel,"The fitness center at the Renaissance Phoenix Downtown Hotel is open 24 hours a day, 7 days a week.Gym equipment includes treadmills, ellipticals, Peloton bikes, a rower, weight machines, dumbbells, and kettlebells."
The Westin Kierland Resort & Spa,"The WestinWORKOUT® Fitness Studio at The Westin Kierland Resort & Spa is open 24 hours a day, 7 days a week.Gym equipment includes treadmills, ellipticals, bikes, cable machines, weight machines, dumbbells, and kettlebells."
21c Museum Hotel St. Louis,"The fitness center at the Locust Street Athletic and Swim Club is open to guests of the 21c Museum Hotel St. Louis 24 hours a day, 7 days a week.Gym equipment includes a treadmill, Smith machine, cable machine, squat rack, dumbbells, barbells, kettlebells, and battle ropes."
"The Ritz-Carlton, St. Louis","The fitness center at The Ritz-Carlton, St. Louis is open 24 hours a day, 7 days a week.Gym equipment includes treadmills, ellipticals, Peloton bikes, weight machines, cable machines, a squat rack, barbells, dumbbells, and kettlebells."
Marriott St. Louis Grand,"The two-level fitness center at the Marriott St. Louis Grand is open 24 hours a day, 7 days a week.Gym equipment includes treadmills, ellipticals, Peloton bikes, weight machines, cable machines, dumbbells, kettlebells, and benches."
Hyatt Regency St. Louis at The Arch,"The StayFit gym at Hyatt Regency St. Louis at The Arch is open 24 hours a day, 7 days a week.Gym equipment includes treadmills, ellipticals, weight machines, cable machines, dumbbells, and benches."
Le Meridien St. Louis Clayton,"The fitness center at Le Meridien St. Louis Clayton is open 24 hours a day, 7 days a week.Gym equipment includes treadmills, ellipticals, Peloton bikes, weight machines, cable machines, dumbbells, kettlebells, and benches."
Hilton St. Louis at the Ballpark,"The fitness center at Hilton St. Louis at the Ballpark features treadmills, ellipticals, a cable machine, dumbbells, barbells, and benches."
Four Seasons St. Louis,"The fitness center at the Four Seasons St. Louis is open 24 hours a day, 7 days a week.Gym equipment includes treadmills, ellipticals, Peloton bikes, weight machines, dumbbells, barbells, kettlebells, and benches."
The Royal Sonesta Chase Park Plaza St. Louis,"The 18,000-square-foot Sante Fitness at The Royal Sonesta Chase Park Plaza St. Louis is open from 5:30 a.m. to 10 p.m. Monday-Thursday, 5:30 a.m. to 9 p.m. on Fridays, 7 to 7 on Saturdays, and 8 a.m. to 6 p.m. on Sundays.Gym equipment includes treadmills, ellipticals, a Peloton bike, weight machines, cable machines, dumbbells, barbells, and kettlebells."
Grand Park Hotel & Suites Downtown Vancouver,"Grand Park Hotel & Suites Downtown Vancouver is a 3-star hotel in the Granville Entertainment District.The small gym is well-equipped, with a Peloton bike, dumbbells, a cable machine, barbells, and a squat rack."
JW Marriott Parq Vancouver,"The JW Marriott Parq Vancouver is an outstanding 5-star hotel with a 24-hour fitness centre that offers views of the city skyline and mountains through floor-to-ceiling windows.Gym equipment includes cardio machines, weight machines (including plate-loaded machines), cable machines, dumbbells, and kettlebells."
Level Vancouver Downtown - Howe,"Located in the heart of downtown Vancouver, Level Vancouver Downtown - Howe is a great place to stay both short and long term.The 2,000-square-foot gym is equipped with cardio machines, a Peloton bike, dumbbells, barbells, and a squat rack."
Sheraton Vancouver Wall Centre,"The Wall Centre Health Club at the Sheraton Vancouver Wall Centre is open daily from 5 am to 11 pm.Gym equipment includes treadmills, ellipticals, rowers, weight machines, cable machines, dumbbells, kettlebells, and barbells."
Shangri-La Hotel Vancouver,"The fitness center at the Shangri-La Hotel Vancouver is open 24 hours a day.Gym equipment includes cardio machines, weight machines, cable machines, dumbbells, kettlebells, and benches."
Metropolitan Hotel Vancouver,"The fitness center at the Metropolitan Hotel Vancouver is open 24 hours a day, 7 days a week.Gym equipment includes dumbbells, barbells, kettlebells, weight machines, treadmills, ellipticals, and rowers."
